DEA,expression_type,MVI,Normalization,label
proDA,bpca,No_norm,1.0
proDA,Impseq,No_norm,1.0
proDA,Impseqrob,No_norm,1.0
proDA,SeqKNN,No_norm,1.0
proDA,GMS,No_norm,1.0
proDA,missForest,No_norm,1.0
DEP,missForest,No_norm,1.0
proDA,zero,No_norm,1.0
DEP,SeqKNN,No_norm,1.0
DEP,bpca,No_norm,1.0
DEP,GMS,No_norm,1.0
DEP,Impseqrob,No_norm,1.0
proDA,No_MVI,No_norm,1.0
proDA,QRILC,No_norm,1.0
DEP,Impseq,No_norm,1.0
proDA,mice,No_norm,1.0
proDA,MinProb,No_norm,1.0
DEP,No_MVI,No_norm,1.0
proDA,knn,No_norm,1.0
proDA,MLE,No_norm,1.0
DEP,QRILC,No_norm,1.0
proDA,MinDet,No_norm,1.0
DEP,mice,No_norm,1.0
proDA,min,No_norm,1.0
proDA,nbavg,No_norm,1.0
DEP,min,No_norm,1.0
DEP,nbavg,No_norm,1.0
DEP,MLE,No_norm,1.0
limma,MLE,No_norm,1.0
limma,QRILC,No_norm,1.0
limma,knn,No_norm,1.0
limma,min,No_norm,1.0
limma,bpca,lossf,1.0
proDA,bpca,lossf,1.0
proDA,GMS,lossf,1.0
proDA,Impseqrob,lossf,1.0
limma,Impseq,lossf,1.0
limma,Impseqrob,lossf,1.0
limma,SeqKNN,lossf,1.0
limma,GMS,lossf,1.0
proDA,SeqKNN,lossf,1.0
proDA,Impseq,lossf,1.0
limma,nbavg,No_norm,1.0
MSstats,TRUE,FALSE,1.0
MSstats,FALSE,FALSE,1.0
DEP,MinProb,No_norm,1.0
DEP,MinDet,No_norm,1.0
MSstats,FALSE,FALSE,1.0
MSstats,TRUE,FALSE,1.0
proDA,missForest,lossf,1.0
limma,zero,No_norm,1.0
limma,MinProb,No_norm,1.0
limma,MinDet,No_norm,1.0
proDA,No_MVI,lossf,1.0
limma,missForest,lossf,1.0
limma,GMS,No_norm,1.0
proDA,QRILC,lossf,1.0
proDA,zero,lossf,1.0
limma,No_MVI,lossf,1.0
limma,QRILC,lossf,1.0
proDA,mice,lossf,1.0
proDA,MLE,lossf,1.0
limma,mice,lossf,1.0
proDA,MinProb,lossf,1.0
limma,bpca,No_norm,1.0
limma,Impseq,No_norm,1.0
limma,Impseqrob,No_norm,1.0
proDA,knn,lossf,1.0
limma,MinProb,lossf,1.0
limma,mice,No_norm,1.0
proDA,MinDet,lossf,1.0
limma,SeqKNN,No_norm,1.0
MSstats,TRUE,FALSE,1.0
limma,missForest,No_norm,1.0
limma,MinDet,lossf,1.0
MSstats,FALSE,FALSE,1.0
limma,MLE,lossf,1.0
limma,knn,lossf,1.0
limma,nbavg,lossf,1.0
limma,min,lossf,1.0
proDA,nbavg,lossf,2.0
limma,No_MVI,No_norm,2.0
proDA,min,lossf,2.0
limma,zero,lossf,2.0
proDA,GMS,Rlr,2.0
proDA,SeqKNN,Rlr,2.0
limma,GMS,Rlr,2.0
proDA,Impseq,Rlr,2.0
limma,SeqKNN,Rlr,2.0
limma,Impseq,Rlr,2.0
limma,bpca,Rlr,2.0
proDA,Impseqrob,Rlr,2.0
limma,Impseqrob,Rlr,2.0
proDA,bpca,Rlr,2.0
proDA,missForest,Rlr,2.0
limma,missForest,Rlr,2.0
proDA,No_MVI,Rlr,2.0
limma,No_MVI,Rlr,2.0
proDA,QRILC,Rlr,2.0
limma,QRILC,Rlr,2.0
proDA,zero,Rlr,2.0
proDA,MLE,Rlr,2.0
limma,MinProb,Rlr,2.0
proDA,MinProb,Rlr,2.0
proDA,mice,Rlr,2.0
limma,mice,Rlr,2.0
limma,MinDet,Rlr,2.0
proDA,MinDet,Rlr,2.0
limma,MLE,Rlr,2.0
proDA,knn,Rlr,2.0
limma,nbavg,Rlr,2.0
limma,knn,Rlr,2.0
limma,min,Rlr,2.0
proDA,nbavg,Rlr,2.0
DEP,GMS,Rlr,2.0
DEP,Impseq,Rlr,2.0
DEP,bpca,Rlr,2.0
DEP,missForest,Rlr,2.0
proDA,min,Rlr,2.0
DEP,Impseqrob,Rlr,2.0
DEP,SeqKNN,Rlr,2.0
DEP,zero,No_norm,2.0
limma,zero,Rlr,2.0
DEP,No_MVI,Rlr,2.0
DEP,QRILC,Rlr,2.0
DEP,mice,Rlr,2.0
ROTS,MLE,lossf,2.0
DEP,MinProb,Rlr,2.0
ROTS,MinDet,lossf,2.0
ROTS,Impseqrob,No_norm,2.0
DEP,MinDet,Rlr,2.0
DEP,knn,Rlr,2.0
DEP,MLE,Rlr,2.0
ROTS,bpca,No_norm,2.0
ROTS,Impseq,No_norm,2.0
DEP,knn,No_norm,2.0
ROTS,zero,lossf,2.0
ROTS,missForest,No_norm,2.0
ROTS,SeqKNN,No_norm,2.0
DEP,nbavg,Rlr,2.0
ROTS,GMS,No_norm,2.0
ROTS,MLE,No_norm,2.0
ROTS,knn,No_norm,2.0
ROTS,MinProb,lossf,2.0
ROTS,MinDet,No_norm,2.0
DEP,min,Rlr,2.0
ROTS,MinProb,No_norm,2.0
ROTS,min,No_norm,2.0
ROTS,zero,No_norm,2.0
ROTS,QRILC,No_norm,2.0
ROTS,mice,No_norm,2.0
MSstats,TRUE,FALSE,2.0
MSstats,FALSE,FALSE,2.0
ROTS,knn,lossf,2.0
DEP,bpca,lossf,2.0
DEP,GMS,lossf,2.0
ROTS,Impseq,lossf,2.0
DEP,Impseq,lossf,2.0
DEP,Impseqrob,lossf,2.0
ROTS,No_MVI,No_norm,2.0
ROTS,GMS,lossf,2.0
ROTS,QRILC,lossf,2.0
ROTS,SeqKNN,lossf,2.0
ROTS,min,lossf,2.0
ROTS,Impseqrob,lossf,2.0
ROTS,missForest,lossf,2.0
DEP,SeqKNN,lossf,2.0
ROTS,bpca,lossf,2.0
DEP,missForest,lossf,2.0
ROTS,mice,lossf,2.0
DEP,zero,lossf,2.0
DEP,No_MVI,lossf,2.0
ROTS,No_MVI,lossf,2.0
ROTS,nbavg,No_norm,2.0
ROTS,nbavg,lossf,2.0
DEP,mice,lossf,2.0
ttest,bpca,No_norm,2.0
ttest,Impseqrob,No_norm,2.0
ttest,Impseq,No_norm,2.0
DEP,QRILC,lossf,2.0
ttest,SeqKNN,No_norm,2.0
DEP,MLE,lossf,2.0
DEP,MinProb,lossf,2.0
ROTS,MLE,Rlr,2.0
ttest,missForest,No_norm,2.0
ttest,GMS,No_norm,2.0
DEP,MinDet,lossf,2.0
DEP,knn,lossf,2.0
ttest,No_MVI,No_norm,2.0
ttest,QRILC,No_norm,2.0
ttest,mice,No_norm,2.0
ttest,MLE,No_norm,2.0
DEP,nbavg,lossf,2.0
ttest,zero,No_norm,2.0
ttest,knn,No_norm,2.0
ROTS,MinProb,Rlr,2.0
DEP,min,lossf,2.0
ttest,MinProb,No_norm,2.0
ttest,nbavg,No_norm,2.0
ttest,min,No_norm,2.0
ttest,MinDet,No_norm,2.0
ROTS,MinDet,Rlr,2.0
ROTS,knn,Rlr,2.0
ROTS,zero,Rlr,2.0
ROTS,QRILC,Rlr,2.0
ROTS,SeqKNN,Rlr,2.0
ROTS,GMS,Rlr,2.0
ROTS,missForest,Rlr,2.0
ROTS,min,Rlr,2.0
ROTS,Impseqrob,Rlr,2.0
ROTS,No_MVI,Rlr,2.0
ROTS,Impseq,Rlr,2.0
ROTS,bpca,Rlr,2.0
ROTS,mice,Rlr,2.0
ROTS,nbavg,Rlr,2.0
limma,Impseq,center.median,2.0
limma,bpca,center.median,2.0
limma,GMS,center.median,2.0
limma,Impseqrob,center.median,2.0
limma,SeqKNN,center.median,2.0
proDA,GMS,center.median,2.0
DEP,Impseq,center.median,2.0
DEP,bpca,center.median,2.0
DEP,GMS,center.median,2.0
proDA,Impseq,center.median,2.0
proDA,bpca,center.median,2.0
DEP,Impseqrob,center.median,2.0
proDA,Impseqrob,center.median,2.0
DEP,SeqKNN,center.median,2.0
proDA,SeqKNN,center.median,2.0
limma,Impseqrob,center.mean,2.0
limma,Impseq,center.mean,2.0
limma,bpca,center.mean,2.0
proDA,zero,center.median,2.0
limma,GMS,center.mean,2.0
proDA,missForest,center.median,2.0
limma,SeqKNN,center.mean,2.0
limma,missForest,center.median,2.0
proDA,No_MVI,center.median,2.0
limma,No_MVI,center.median,2.0
DEP,Impseqrob,center.mean,2.0
DEP,Impseq,center.mean,2.0
DEP,bpca,center.mean,2.0
DEP,GMS,center.mean,2.0
proDA,Impseq,center.mean,2.0
DEP,SeqKNN,center.mean,2.0
proDA,bpca,center.mean,2.0
proDA,Impseqrob,center.mean,2.0
DEP,missForest,center.median,2.0
limma,MinProb,center.median,2.0
DEP,No_MVI,center.median,2.0
proDA,GMS,center.mean,2.0
proDA,SeqKNN,center.mean,2.0
proDA,QRILC,center.median,2.0
limma,QRILC,center.median,2.0
proDA,MinProb,center.median,2.0
DEP,QRILC,center.median,2.0
limma,mice,center.median,2.0
limma,QRILC,center.mean,2.0
DEP,MinProb,center.median,2.0
proDA,mice,center.median,2.0
limma,MinDet,center.median,2.0
DEP,mice,center.median,2.0
proDA,MinDet,center.median,2.0
limma,MinProb,center.mean,2.0
DEP,QRILC,center.mean,2.0
proDA,missForest,center.mean,2.0
limma,MinDet,center.mean,2.0
proDA,No_MVI,center.mean,2.0
DEP,MinDet,center.median,2.0
limma,missForest,center.mean,2.0
limma,No_MVI,center.mean,2.0
DEP,MinProb,center.mean,2.0
proDA,MLE,center.median,2.0
DEP,No_MVI,center.mean,2.0
proDA,zero,center.mean,2.0
limma,nbavg,center.median,2.0
DEP,missForest,center.mean,2.0
DEP,MinDet,center.mean,2.0
limma,nbavg,center.mean,2.0
limma,mice,center.mean,2.0
DEP,nbavg,center.median,2.0
proDA,nbavg,center.median,2.0
proDA,QRILC,center.mean,2.0
proDA,knn,center.median,2.0
proDA,mice,center.mean,2.0
limma,min,center.median,2.0
proDA,MinProb,center.mean,2.0
DEP,nbavg,center.mean,2.0
DEP,mice,center.mean,2.0
proDA,MinDet,center.mean,2.0
limma,min,center.mean,2.0
DEP,min,center.median,2.0
proDA,min,center.median,2.0
limma,knn,center.median,2.0
limma,MLE,center.mean,2.0
limma,MLE,center.median,2.0
DEP,min,center.mean,2.0
DEP,MLE,center.median,2.0
proDA,MLE,center.mean,2.0
DEP,MLE,center.mean,2.0
proDA,knn,center.mean,2.0
limma,knn,center.mean,2.0
proDA,nbavg,center.mean,2.0
proDA,min,center.mean,2.0
DEP,zero,Rlr,2.0
limma,zero,center.median,2.0
ttest,GMS,lossf,2.0
ttest,SeqKNN,lossf,2.0
ttest,bpca,lossf,2.0
DEP,MLE,sum,2.0
ttest,missForest,lossf,2.0
ttest,Impseq,lossf,2.0
ttest,Impseqrob,lossf,2.0
ttest,No_MVI,lossf,2.0
limma,zero,center.mean,2.0
ttest,knn,lossf,2.0
ttest,QRILC,lossf,2.0
ttest,MLE,lossf,2.0
ttest,zero,lossf,2.0
ttest,MinProb,lossf,2.0
ttest,mice,lossf,2.0
ttest,nbavg,lossf,2.0
DEP,MLE,max,2.0
ttest,MinDet,lossf,2.0
ttest,min,lossf,2.0
limma,missForest,sum,2.0
limma,No_MVI,sum,2.0
ROTS,MinProb,center.mean,2.0
limma,missForest,max,2.0
ROTS,zero,center.mean,2.0
limma,bpca,max,2.0
limma,bpca,sum,2.0
limma,No_MVI,max,2.0
ROTS,MinDet,center.mean,2.0
limma,knn,max,2.0
limma,GMS,sum,2.0
ROTS,zero,center.median,2.0
limma,Impseq,max,2.0
limma,Impseq,quantiles,2.0
limma,Impseqrob,max,2.0
limma,mice,max,2.0
ROTS,MinDet,center.median,2.0
limma,zero,max,2.0
limma,SeqKNN,sum,2.0
limma,Impseqrob,quantiles,2.0
limma,bpca,quantiles,2.0
limma,SeqKNN,max,2.0
limma,SeqKNN,quantiles,2.0
DEP,Impseq,quantiles,2.0
limma,knn,sum,2.0
limma,GMS,max,2.0
limma,QRILC,sum,2.0
limma,QRILC,max,2.0
DEP,Impseqrob,quantiles,2.0
ROTS,MLE,center.mean,2.0
limma,MinDet,sum,2.0
limma,MinProb,sum,2.0
limma,mice,sum,2.0
DEP,bpca,quantiles,2.0
limma,min,sum,2.0
limma,nbavg,sum,2.0
DEP,bpca,max,2.0
DEP,No_MVI,max,2.0
DEP,No_MVI,sum,2.0
limma,MinDet,max,2.0
DEP,knn,max,2.0
limma,missForest,quantiles,2.0
limma,zero,sum,2.0
ROTS,MinProb,center.median,2.0
DEP,missForest,max,2.0
DEP,missForest,sum,2.0
limma,MinProb,max,2.0
limma,No_MVI,quantiles,2.0
DEP,missForest,quantiles,2.0
limma,QRILC,quantiles,2.0
DEP,bpca,sum,2.0
limma,min,max,2.0
limma,nbavg,max,2.0
ROTS,MLE,center.median,2.0
limma,MinProb,quantiles,2.0
DEP,zero,max,2.0
DEP,zero,sum,2.0
DEP,QRILC,max,2.0
DEP,QRILC,quantiles,2.0
DEP,mice,max,2.0
DEP,Impseq,max,2.0
DEP,Impseqrob,max,2.0
limma,MinDet,quantiles,2.0
limma,mice,quantiles,2.0
DEP,GMS,max,2.0
limma,nbavg,quantiles,2.0
DEP,MinDet,max,2.0
DEP,MinProb,max,2.0
DEP,mice,quantiles,2.0
limma,bpca,TIC,2.0
limma,Impseq,TIC,3.0
DEP,SeqKNN,max,3.0
limma,min,quantiles,3.0
DEP,min,sum,3.0
limma,Impseqrob,TIC,3.0
limma,GMS,TIC,3.0
DEP,MinProb,sum,3.0
limma,knn,quantiles,3.0
DEP,mice,sum,3.0
limma,SeqKNN,TIC,3.0
DEP,nbavg,max,3.0
DEP,GMS,sum,3.0
DEP,QRILC,sum,3.0
ROTS,QRILC,center.mean,3.0
limma,No_MVI,TIC,3.0
limma,MLE,quantiles,3.0
DEP,SeqKNN,sum,3.0
limma,missForest,TIC,3.0
DEP,MinDet,sum,3.0
proDA,Impseq,TIC,3.0
proDA,bpca,TIC,3.0
DEP,bpca,TIC,3.0
DEP,Impseq,TIC,3.0
DEP,nbavg,sum,3.0
proDA,Impseqrob,TIC,3.0
proDA,GMS,TIC,3.0
limma,zero,quantiles,3.0
DEP,GMS,TIC,3.0
DEP,Impseqrob,TIC,3.0
DEP,MLE,quantiles,3.0
DEP,min,max,3.0
proDA,SeqKNN,TIC,3.0
limma,MLE,sum,3.0
DEP,SeqKNN,TIC,3.0
DEP,No_MVI,quantiles,3.0
limma,mice,TIC,3.0
proDA,No_MVI,TIC,3.0
ROTS,min,center.mean,3.0
DEP,No_MVI,TIC,3.0
proDA,missForest,TIC,3.0
limma,MLE,max,3.0
DEP,missForest,TIC,3.0
ROTS,MLE,quantiles.robust,3.0
proDA,zero,TIC,3.0
limma,MinProb,TIC,3.0
limma,missForest,vsn,3.0
limma,No_MVI,vsn,3.0
limma,bpca,vsn,3.0
DEP,SeqKNN,quantiles,3.0
ROTS,SeqKNN,center.mean,3.0
ROTS,QRILC,center.median,3.0
proDA,mice,TIC,3.0
DEP,nbavg,quantiles,3.0
limma,QRILC,TIC,3.0
ROTS,MLE,sum,3.0
ROTS,knn,center.mean,3.0
limma,missForest,quantiles.robust,3.0
limma,MinDet,TIC,3.0
DEP,knn,quantiles,3.0
ROTS,zero,max,3.0
DEP,min,quantiles,3.0
limma,QRILC,vsn,3.0
limma,MLE,vsn,3.0
limma,knn,TIC,3.0
limma,Impseq,vsn,3.0
DEP,MinProb,quantiles,3.0
DEP,mice,TIC,3.0
limma,GMS,vsn,3.0
ttest,GMS,Rlr,3.0
ROTS,Impseqrob,center.mean,3.0
limma,MinProb,vsn,3.0
ROTS,knn,center.median,3.0
ttest,SeqKNN,Rlr,3.0
ttest,bpca,Rlr,3.0
ROTS,GMS,center.mean,3.0
proDA,QRILC,TIC,3.0
limma,Impseqrob,vsn,3.0
limma,SeqKNN,vsn,3.0
ttest,Impseq,Rlr,3.0
ROTS,zero,quantiles,3.0
limma,MinDet,vsn,3.0
limma,nbavg,vsn,3.0
proDA,MinProb,TIC,3.0
limma,min,vsn,3.0
ttest,Impseqrob,Rlr,3.0
ttest,MinProb,Rlr,3.0
proDA,MinDet,TIC,3.0
DEP,MinDet,quantiles,3.0
ttest,knn,Rlr,3.0
ROTS,min,center.median,3.0
ttest,missForest,Rlr,3.0
DEP,nbavg,vsn,3.0
DEP,min,vsn,3.0
limma,No_MVI,quantiles.robust,3.0
ROTS,missForest,center.mean,3.0
DEP,No_MVI,quantiles.robust,3.0
ttest,QRILC,Rlr,3.0
ROTS,GMS,center.median,3.0
limma,nbavg,TIC,3.0
DEP,MinProb,TIC,3.0
ttest,No_MVI,Rlr,3.0
proDA,knn,TIC,3.0
ROTS,No_MVI,center.mean,3.0
ROTS,bpca,center.mean,3.0
ROTS,Impseq,center.mean,3.0
ttest,MLE,Rlr,3.0
ttest,zero,Rlr,3.0
ttest,nbavg,Rlr,3.0
ttest,MinDet,Rlr,3.0
ROTS,mice,center.mean,3.0
proDA,MLE,TIC,3.0
ROTS,nbavg,center.mean,3.0
ttest,mice,Rlr,3.0
DEP,QRILC,TIC,3.0
ttest,min,Rlr,3.0
limma,SeqKNN,quantiles.robust,3.0
DEP,MinDet,TIC,3.0
limma,min,TIC,3.0
proDA,nbavg,TIC,3.0
SAM,MinProb,No_norm,3.0
ROTS,MinProb,quantiles,3.0
ROTS,nbavg,center.median,3.0
ROTS,SeqKNN,center.median,3.0
limma,MLE,TIC,3.0
proDA,min,TIC,3.0
limma,bpca,quantiles.robust,3.0
SAM,No_MVI,No_norm,3.0
SAM,QRILC,No_norm,3.0
SAM,MLE,No_norm,3.0
ROTS,MinDet,quantiles,3.0
SAM,MinDet,No_norm,3.0
ROTS,bpca,center.median,3.0
ROTS,Impseqrob,center.median,3.0
SAM,knn,No_norm,3.0
DEP,nbavg,TIC,3.0
ROTS,Impseq,center.median,3.0
ROTS,mice,center.median,3.0
ROTS,missForest,center.median,3.0
DEP,nbavg,quantiles.robust,3.0
ROTS,No_MVI,center.median,3.0
limma,zero,vsn,3.0
limma,Impseqrob,quantiles.robust,3.0
DEP,Impseqrob,quantiles.robust,3.0
limma,nbavg,quantiles.robust,3.0
limma,MinProb,quantiles.robust,3.0
ROTS,QRILC,quantiles,3.0
SAM,missForest,No_norm,3.0
ROTS,QRILC,quantiles.robust,3.0
limma,Impseq,quantiles.robust,3.0
DEP,missForest,vsn,3.0
SAM,GMS,No_norm,3.0
DEP,min,TIC,3.0
DEP,No_MVI,vsn,3.0
DEP,bpca,vsn,3.0
SAM,mice,No_norm,3.0
SAM,nbavg,No_norm,3.0
SAM,bpca,No_norm,3.0
SAM,SeqKNN,No_norm,3.0
limma,zero,TIC,3.0
SAM,Impseqrob,No_norm,3.0
SAM,Impseq,No_norm,3.0
limma,QRILC,quantiles.robust,3.0
DEP,missForest,quantiles.robust,3.0
ROTS,knn,quantiles,3.0
ROTS,MLE,quantiles,3.0
SAM,min,No_norm,3.0
DEP,SeqKNN,quantiles.robust,3.0
ROTS,MLE,max,3.0
DEP,MLE,TIC,3.0
ROTS,min,quantiles,3.0
limma,mice,quantiles.robust,3.0
DEP,bpca,quantiles.robust,3.0
DEP,MLE,vsn,3.0
DEP,QRILC,vsn,3.0
DEP,GMS,vsn,3.0
DEP,Impseq,vsn,3.0
DEP,MinProb,vsn,3.0
DEP,MinDet,vsn,3.0
DEP,Impseqrob,vsn,3.0
SAM,zero,No_norm,3.0
DEP,SeqKNN,vsn,3.0
limma,knn,quantiles.robust,3.0
limma,MinDet,quantiles.robust,3.0
DEP,MinDet,quantiles.robust,3.0
ROTS,MinProb,quantiles.robust,3.0
MSstats,TRUE,TRUE,3.0
MSstats,FALSE,TRUE,3.0
DEP,Impseq,quantiles.robust,3.0
ttest,missForest,max,3.0
ROTS,zero,TIC,3.0
ROTS,knn,quantiles.robust,3.0
DEP,mice,quantiles.robust,3.0
ttest,missForest,sum,3.0
ROTS,nbavg,quantiles,3.0
ROTS,Impseq,quantiles,3.0
ROTS,Impseqrob,quantiles,3.0
ROTS,SeqKNN,quantiles,3.0
ROTS,bpca,quantiles,3.0
DEP,knn,sum,3.0
ttest,MLE,sum,3.0
ttest,bpca,max,3.0
ttest,knn,max,3.0
ROTS,min,quantiles.robust,3.0
ttest,MLE,max,3.0
ttest,No_MVI,sum,3.0
ttest,No_MVI,max,3.0
ttest,bpca,sum,3.0
limma,mice,vsn,3.0
ROTS,No_MVI,quantiles,3.0
limma,min,quantiles.robust,3.0
ROTS,missForest,quantiles,3.0
ROTS,MinDet,quantiles.robust,3.0
ROTS,mice,quantiles,3.0
ttest,mice,max,3.0
MSstats,TRUE,TRUE,3.0
DEP,min,quantiles.robust,3.0
ttest,QRILC,max,3.0
MSstats,FALSE,TRUE,3.0
ttest,SeqKNN,max,3.0
DEP,MinProb,quantiles.robust,3.0
ttest,Impseqrob,max,3.0
ttest,Impseq,max,3.0
ttest,GMS,max,3.0
ttest,MinProb,max,3.0
ttest,zero,sum,3.0
ttest,GMS,sum,3.0
ttest,zero,max,3.0
ttest,SeqKNN,sum,3.0
ttest,MinDet,max,3.0
ttest,knn,sum,3.0
limma,bpca,div.median,3.0
ttest,min,max,3.0
ROTS,mice,quantiles.robust,3.0
ttest,QRILC,sum,3.0
ttest,MinProb,sum,3.0
ttest,min,sum,3.0
ttest,MinDet,sum,3.0
MSstats,TRUE,TRUE,3.0
ROTS,nbavg,quantiles.robust,3.0
ttest,nbavg,max,3.0
ttest,mice,sum,3.0
MSstats,FALSE,TRUE,3.0
MSstats,TRUE,TRUE,3.0
limma,knn,vsn,3.0
ttest,nbavg,sum,3.0
MSstats,FALSE,TRUE,3.0
ROTS,MinProb,TIC,3.0
limma,No_MVI,div.median,3.0
limma,missForest,div.median,3.0
DEP,mice,vsn,3.0
DEP,knn,vsn,3.0
limma,Impseq,div.median,3.0
SAM,No_MVI,lossf,3.0
ROTS,MinDet,TIC,3.0
limma,Impseqrob,div.median,3.0
SAM,GMS,lossf,3.0
ROTS,min,vsn,3.0
ROTS,missForest,max,3.0
limma,GMS,div.median,3.0
ROTS,No_MVI,max,3.0
SAM,bpca,lossf,3.0
limma,SeqKNN,div.median,3.0
ROTS,No_MVI,sum,3.0
ROTS,bpca,max,3.0
DEP,QRILC,quantiles.robust,3.0
ROTS,zero,quantiles.robust,3.0
limma,bpca,div.mean,3.0
limma,zero,quantiles.robust,3.0
ROTS,No_MVI,quantiles.robust,3.0
ROTS,SeqKNN,quantiles.robust,3.0
ROTS,zero,vsn,3.0
limma,mice,div.median,3.0
ROTS,knn,max,3.0
SAM,QRILC,lossf,3.0
ROTS,GMS,sum,3.0
ROTS,MLE,TIC,3.0
ROTS,GMS,max,3.0
ROTS,MLE,vsn,3.0
DEP,knn,center.median,3.0
SAM,SeqKNN,lossf,3.0
SAM,missForest,lossf,3.0
ROTS,Impseq,max,3.0
ROTS,SeqKNN,max,3.0
limma,missForest,div.mean,3.0
ROTS,Impseq,quantiles.robust,3.0
ROTS,mice,max,3.0
ROTS,Impseqrob,max,3.0
ROTS,bpca,quantiles.robust,3.0
limma,No_MVI,div.mean,3.0
SAM,Impseq,lossf,3.0
limma,Impseq,div.mean,3.0
SAM,Impseqrob,lossf,3.0
SAM,mice,lossf,3.0
SAM,knn,lossf,3.0
SAM,MinProb,lossf,3.0
ROTS,MinDet,max,3.0
ROTS,Impseqrob,quantiles.robust,3.0
ROTS,min,max,3.0
ROTS,QRILC,max,3.0
DEP,knn,center.mean,3.0
limma,MinProb,div.median,3.0
SAM,min,lossf,3.0
SAM,MinDet,lossf,3.0
limma,Impseqrob,div.mean,3.0
ROTS,MinProb,max,3.0
ROTS,bpca,sum,3.0
limma,QRILC,div.median,3.0
ROTS,missForest,quantiles.robust,3.0
limma,GMS,div.mean,3.0
ROTS,missForest,sum,3.0
DEP,bpca,div.median,3.0
limma,MinDet,div.median,3.0
ROTS,QRILC,TIC,3.0
limma,MLE,quantiles.robust,3.0
limma,knn,div.median,3.0
DEP,knn,quantiles.robust,3.0
limma,SeqKNN,div.mean,3.0
SAM,nbavg,lossf,3.0
DEP,MLE,quantiles.robust,3.0
ROTS,min,TIC,3.0
DEP,missForest,div.median,3.0
DEP,No_MVI,div.median,3.0
DEP,knn,TIC,3.0
ANOVA,bpca,No_norm,3.0
ANOVA,SeqKNN,No_norm,3.0
ROTS,knn,TIC,3.0
ANOVA,Impseqrob,No_norm,3.0
ROTS,zero,div.mean,3.0
ANOVA,Impseq,No_norm,3.0
DEP,Impseq,div.median,3.0
ANOVA,MinDet,No_norm,3.0
limma,mice,div.mean,3.0
ROTS,nbavg,max,3.0
ROTS,zero,div.median,3.0
ANOVA,missForest,No_norm,3.0
ROTS,QRILC,sum,3.0
DEP,Impseqrob,div.median,3.0
ANOVA,min,No_norm,3.0
limma,QRILC,div.mean,3.0
ANOVA,nbavg,No_norm,3.0
ROTS,knn,sum,3.0
ANOVA,knn,No_norm,3.0
limma,MinProb,div.mean,3.0
ANOVA,zero,No_norm,3.0
limma,zero,div.median,3.0
limma,nbavg,div.median,3.0
DEP,GMS,div.median,3.0
limma,MinDet,div.mean,3.0
ROTS,SeqKNN,TIC,3.0
SAM,MLE,max,3.0
ROTS,GMS,TIC,3.0
ANOVA,No_MVI,No_norm,3.0
ROTS,MinProb,sum,3.0
ROTS,MinDet,sum,3.0
limma,knn,div.mean,3.0
ROTS,Impseq,TIC,3.0
ROTS,bpca,TIC,3.0
ANOVA,QRILC,No_norm,3.0
ROTS,Impseqrob,TIC,3.0
DEP,SeqKNN,div.median,3.0
ROTS,mice,TIC,3.0
limma,min,div.median,3.0
ROTS,No_MVI,TIC,3.0
SAM,No_MVI,sum,3.0
ANOVA,MinProb,No_norm,3.0
ROTS,missForest,TIC,3.0
ROTS,nbavg,sum,3.0
ROTS,SeqKNN,sum,3.0
ROTS,min,sum,3.0
ANOVA,mice,No_norm,3.0
ANOVA,GMS,No_norm,3.0
ROTS,nbavg,TIC,3.0
ROTS,mice,sum,3.0
DEP,bpca,div.mean,3.0
SAM,missForest,max,3.0
ROTS,nbavg,vsn,3.0
limma,zero,div.mean,3.0
ROTS,zero,sum,3.0
ANOVA,MLE,No_norm,3.0
SAM,MLE,sum,3.0
DEP,mice,div.median,3.0
SAM,bpca,max,3.0
limma,nbavg,div.mean,3.0
SAM,No_MVI,max,3.0
SAM,MinProb,max,3.0
limma,min,div.mean,3.0
SAM,QRILC,max,3.0
SAM,min,max,3.0
DEP,missForest,div.mean,3.0
DEP,No_MVI,div.mean,3.0
DEP,Impseq,div.mean,3.0
DEP,MinProb,div.median,3.0
SAM,MinDet,max,3.0
SAM,nbavg,max,3.0
SAM,knn,max,3.0
DEP,QRILC,div.median,3.0
SAM,QRILC,sum,0.0
SAM,SeqKNN,max,0.0
DEP,Impseqrob,div.mean,0.0
SAM,MinProb,sum,0.0
DEP,GMS,div.mean,0.0
DEP,MinDet,div.median,0.0
SAM,MinDet,sum,0.0
SAM,GMS,sum,0.0
SAM,MLE,lossf,0.0
DEP,SeqKNN,div.mean,0.0
ROTS,MLE,div.median,0.0
SAM,missForest,sum,0.0
SAM,bpca,sum,0.0
SAM,GMS,max,0.0
SAM,zero,lossf,0.0
SAM,knn,sum,0.0
SAM,Impseq,max,0.0
ROTS,MLE,div.mean,0.0
SAM,Impseqrob,max,0.0
SAM,QRILC,Rlr,0.0
SAM,No_MVI,Rlr,0.0
SAM,mice,max,0.0
SAM,nbavg,sum,0.0
DEP,mice,div.mean,0.0
ROTS,knn,vsn,0.0
SAM,MinProb,Rlr,0.0
DEP,QRILC,div.mean,0.0
DEP,MinProb,div.mean,0.0
SAM,zero,max,0.0
DEP,nbavg,div.median,0.0
SAM,GMS,Rlr,0.0
SAM,min,sum,0.0
DEP,MinDet,div.mean,0.0
DEP,min,div.median,0.0
SAM,zero,sum,0.0
SAM,mice,sum,0.0
SAM,SeqKNN,sum,0.0
SAM,nbavg,Rlr,0.0
SAM,SeqKNN,Rlr,0.0
SAM,bpca,Rlr,0.0
DEP,missForest,MBQN,0.0
SAM,knn,Rlr,0.0
SAM,Impseq,Rlr,0.0
DEP,SeqKNN,MBQN,0.0
SAM,mice,Rlr,0.0
DEP,GMS,MBQN,0.0
proDA,GMS,MBQN,0.0
DEP,MLE,MBQN,0.0
proDA,bpca,div.median,0.0
SAM,Impseqrob,Rlr,0.0
SAM,min,Rlr,0.0
DEP,MinProb,MBQN,0.0
DEP,Impseq,MBQN,0.0
SAM,missForest,Rlr,0.0
DEP,bpca,MBQN,0.0
DEP,Impseqrob,MBQN,0.0
proDA,SeqKNN,MBQN,0.0
DEP,min,div.mean,0.0
DEP,QRILC,MBQN,0.0
DEP,nbavg,div.mean,0.0
proDA,zero,MBQN,0.0
proDA,Impseq,MBQN,0.0
SAM,MinDet,Rlr,0.0
proDA,bpca,MBQN,0.0
limma,MLE,div.median,0.0
DEP,mice,MBQN,0.0
proDA,Impseqrob,MBQN,0.0
proDA,MinProb,MBQN,0.0
limma,GMS,MBQN,0.0
DEP,No_MVI,MBQN,0.0
SAM,MLE,Rlr,0.0
proDA,missForest,MBQN,0.0
SAM,zero,Rlr,0.0
proDA,missForest,div.median,0.0
proDA,No_MVI,div.median,0.0
limma,SeqKNN,MBQN,0.0
DEP,MinDet,MBQN,0.0
proDA,No_MVI,MBQN,0.0
proDA,Impseq,div.median,0.0
proDA,mice,MBQN,0.0
limma,Impseq,MBQN,0.0
proDA,QRILC,MBQN,0.0
limma,MinProb,MBQN,0.0
limma,Impseqrob,MBQN,0.0
proDA,knn,MBQN,0.0
limma,bpca,MBQN,0.0
limma,missForest,MBQN,0.0
proDA,MLE,MBQN,0.0
proDA,MinDet,MBQN,0.0
proDA,Impseqrob,div.median,0.0
limma,QRILC,MBQN,0.0
limma,MinDet,MBQN,0.0
limma,No_MVI,MBQN,0.0
DEP,nbavg,MBQN,0.0
proDA,GMS,div.median,0.0
limma,knn,MBQN,0.0
limma,MLE,MBQN,0.0
DEP,min,MBQN,0.0
limma,MLE,div.mean,0.0
limma,mice,MBQN,0.0
proDA,SeqKNN,div.median,0.0
proDA,nbavg,MBQN,0.0
proDA,min,MBQN,0.0
ttest,SeqKNN,quantiles,0.0
limma,nbavg,MBQN,0.0
ttest,Impseq,center.median,0.0
ttest,Impseq,quantiles,0.0
limma,min,MBQN,0.0
ttest,SeqKNN,center.median,0.0
ttest,bpca,center.median,0.0
ttest,Impseqrob,center.median,0.0
ttest,MinProb,quantiles,0.0
ttest,bpca,quantiles,0.0
ttest,GMS,center.median,0.0
ttest,Impseqrob,quantiles,0.0
ttest,missForest,quantiles,0.0
ttest,QRILC,quantiles,0.0
limma,zero,MBQN,0.0
ttest,knn,quantiles,0.0
ttest,MinDet,quantiles,0.0
proDA,bpca,div.mean,0.0
ttest,No_MVI,quantiles,0.0
ttest,min,quantiles,0.0
ttest,nbavg,center.median,0.0
ttest,QRILC,center.median,0.0
ttest,nbavg,quantiles,0.0
ttest,MinDet,center.median,0.0
ttest,zero,quantiles,0.0
ttest,min,center.median,0.0
ttest,MinProb,center.median,0.0
ttest,MLE,quantiles,0.0
ttest,mice,quantiles,0.0
ROTS,QRILC,vsn,0.0
SAM,QRILC,TIC,0.0
proDA,missForest,div.mean,0.0
DEP,MLE,div.median,0.0
ttest,No_MVI,center.median,0.0
proDA,mice,div.median,0.0
proDA,zero,div.median,0.0
ttest,bpca,center.mean,0.0
ttest,missForest,center.median,0.0
ttest,Impseq,center.mean,0.0
proDA,MLE,div.median,0.0
proDA,No_MVI,div.mean,0.0
ttest,mice,center.median,0.0
ttest,SeqKNN,center.mean,0.0
ttest,knn,center.median,0.0
ttest,MLE,center.median,0.0
ttest,GMS,center.mean,0.0
proDA,MinProb,div.median,0.0
proDA,Impseq,div.mean,0.0
proDA,QRILC,div.median,0.0
ttest,Impseqrob,center.mean,0.0
ttest,zero,center.median,0.0
proDA,Impseqrob,div.mean,0.0
proDA,GMS,div.mean,0.0
ROTS,MinDet,vsn,0.0
DEP,zero,quantiles,0.0
ttest,MinDet,center.mean,0.0
DEP,MLE,div.mean,0.0
SAM,MinProb,TIC,0.0
ttest,nbavg,center.mean,0.0
ROTS,MinProb,vsn,0.0
ttest,missForest,center.mean,0.0
ttest,MinProb,center.mean,0.0
proDA,SeqKNN,div.mean,0.0
SAM,No_MVI,TIC,0.0
proDA,knn,div.median,0.0
ttest,min,center.mean,0.0
ttest,QRILC,center.mean,0.0
ROTS,SeqKNN,vsn,0.0
proDA,MinDet,div.median,0.0
ttest,knn,center.mean,0.0
ttest,mice,center.mean,0.0
ROTS,No_MVI,vsn,0.0
ttest,No_MVI,center.mean,0.0
ttest,MLE,center.mean,0.0
ROTS,missForest,vsn,0.0
ttest,zero,center.mean,0.0
ANOVA,GMS,lossf,0.0
ANOVA,MinDet,lossf,0.0
ANOVA,QRILC,lossf,0.0
ANOVA,nbavg,lossf,0.0
proDA,mice,div.mean,0.0
ANOVA,Impseq,lossf,0.0
ANOVA,MinProb,lossf,0.0
ANOVA,Impseqrob,lossf,0.0
ANOVA,zero,lossf,0.0
ANOVA,SeqKNN,lossf,0.0
proDA,zero,div.mean,0.0
ANOVA,knn,lossf,0.0
ROTS,Impseqrob,vsn,0.0
ANOVA,MLE,lossf,0.0
ANOVA,bpca,lossf,0.0
ANOVA,min,lossf,0.0
ANOVA,No_MVI,lossf,0.0
ANOVA,mice,lossf,0.0
ANOVA,missForest,lossf,0.0
ROTS,mice,vsn,0.0
proDA,MLE,div.mean,0.0
ttest,missForest,quantiles.robust,0.0
DEP,zero,MBQN,0.0
DEP,knn,MBQN,0.0
ROTS,bpca,vsn,0.0
proDA,nbavg,div.median,0.0
SAM,No_MVI,center.median,0.0
SAM,mice,TIC,0.0
ttest,SeqKNN,quantiles.robust,0.0
ttest,bpca,quantiles.robust,0.0
ttest,knn,quantiles.robust,0.0
ttest,Impseq,quantiles.robust,0.0
ttest,MinDet,quantiles.robust,0.0
ttest,MinProb,quantiles.robust,0.0
ttest,Impseqrob,quantiles.robust,0.0
proDA,MinProb,div.mean,0.0
SAM,MLE,TIC,0.0
ttest,nbavg,quantiles.robust,0.0
proDA,QRILC,div.mean,0.0
ttest,min,quantiles.robust,0.0
ttest,QRILC,quantiles.robust,0.0
proDA,knn,div.mean,0.0
SAM,nbavg,TIC,0.0
proDA,min,div.median,0.0
proDA,MinDet,div.mean,0.0
ttest,GMS,MBQN,0.0
SAM,No_MVI,center.mean,0.0
SAM,QRILC,center.median,0.0
ttest,Impseq,MBQN,0.0
SAM,GMS,TIC,0.0
ROTS,GMS,vsn,0.0
ttest,bpca,MBQN,0.0
ttest,Impseqrob,MBQN,0.0
ttest,MinProb,MBQN,0.0
ttest,knn,MBQN,0.0
ttest,zero,quantiles.robust,0.0
ROTS,Impseq,vsn,0.0
ttest,SeqKNN,MBQN,0.0
ttest,MLE,quantiles.robust,0.0
ttest,missForest,MBQN,0.0
ANOVA,GMS,Rlr,0.0
DEP,zero,vsn,0.0
ttest,MinDet,MBQN,0.0
ANOVA,SeqKNN,Rlr,0.0
ttest,nbavg,MBQN,0.0
ANOVA,MinDet,Rlr,0.0
ttest,No_MVI,MBQN,0.0
ANOVA,QRILC,Rlr,0.0
ANOVA,MinProb,Rlr,0.0
ANOVA,Impseqrob,Rlr,0.0
ANOVA,knn,Rlr,0.0
ANOVA,MLE,Rlr,0.0
ttest,mice,MBQN,0.0
ANOVA,bpca,Rlr,0.0
ANOVA,Impseq,Rlr,0.0
ttest,MLE,MBQN,0.0
SAM,No_MVI,quantiles.robust,0.0
ANOVA,nbavg,Rlr,0.0
ANOVA,No_MVI,Rlr,0.0
ttest,QRILC,MBQN,0.0
ttest,zero,MBQN,0.0
ANOVA,zero,Rlr,0.0
ttest,min,MBQN,0.0
SAM,mice,center.median,0.0
ANOVA,missForest,Rlr,0.0
ANOVA,min,Rlr,0.0
ROTS,MinProb,div.mean,0.0
SAM,missForest,TIC,0.0
SAM,MinProb,center.median,0.0
SAM,SeqKNN,TIC,0.0
proDA,nbavg,div.mean,0.0
SAM,QRILC,quantiles,0.0
SAM,MinDet,TIC,0.0
ANOVA,mice,Rlr,0.0
SAM,No_MVI,quantiles,0.0
proDA,min,div.mean,0.0
SAM,min,TIC,0.0
SAM,Impseqrob,TIC,0.0
DEP,knn,div.median,0.0
SAM,bpca,TIC,0.0
SAM,Impseq,TIC,0.0
SAM,missForest,center.median,0.0
SAM,MinProb,quantiles.robust,0.0
SAM,nbavg,quantiles.robust,0.0
SAM,GMS,center.median,0.0
ROTS,MinProb,div.median,0.0
SAM,MinProb,quantiles,0.0
SAM,MinProb,center.mean,0.0
ROTS,MinDet,MBQN,0.0
SAM,min,center.median,0.0
ROTS,QRILC,MBQN,0.0
SAM,mice,quantiles.robust,0.0
SAM,QRILC,center.mean,0.0
SAM,mice,center.mean,0.0
SAM,bpca,center.median,0.0
ROTS,mice,MBQN,0.0
DEP,knn,div.mean,0.0
SAM,Impseqrob,center.median,0.0
ROTS,MinProb,MBQN,0.0
SAM,mice,quantiles,0.0
SAM,Impseq,center.median,0.0
DEP,zero,center.median,0.0
ROTS,missForest,MBQN,0.0
ROTS,GMS,MBQN,0.0
ROTS,zero,MBQN,0.0
SAM,nbavg,center.median,0.0
ROTS,Impseq,MBQN,0.0
DEP,zero,center.mean,0.0
ROTS,knn,div.mean,0.0
ROTS,Impseqrob,MBQN,0.0
ROTS,nbavg,MBQN,0.0
ROTS,QRILC,div.mean,0.0
SAM,MLE,center.median,0.0
SAM,zero,TIC,0.0
ROTS,No_MVI,MBQN,0.0
ROTS,bpca,MBQN,0.0
ROTS,SeqKNN,MBQN,0.0
ROTS,min,MBQN,0.0
ROTS,knn,MBQN,0.0
SAM,GMS,center.mean,0.0
SAM,SeqKNN,center.median,0.0
ROTS,knn,div.median,0.0
ttest,nbavg,vsn,0.0
ttest,SeqKNN,TIC,0.0
ttest,Impseqrob,TIC,0.0
ttest,GMS,TIC,0.0
ttest,min,vsn,0.0
ROTS,MLE,MBQN,0.0
DEP,zero,TIC,0.0
SAM,missForest,center.mean,0.0
ttest,Impseq,TIC,0.0
ROTS,QRILC,div.median,0.0
ttest,bpca,TIC,0.0
SAM,knn,TIC,0.0
ROTS,MinDet,div.mean,0.0
ttest,MinDet,TIC,0.0
SAM,knn,center.median,0.0
ttest,knn,TIC,0.0
SAM,nbavg,center.mean,0.0
SAM,SeqKNN,quantiles.robust,0.0
ttest,nbavg,TIC,0.0
ttest,MinProb,TIC,0.0
ttest,QRILC,TIC,0.0
SAM,MinDet,center.median,0.0
ROTS,min,div.mean,0.0
ttest,missForest,TIC,0.0
ttest,min,TIC,0.0
ttest,No_MVI,TIC,0.0
ROTS,min,div.median,0.0
SAM,min,quantiles.robust,0.0
SAM,QRILC,quantiles.robust,0.0
ROTS,MinDet,div.median,0.0
ttest,mice,TIC,0.0
SAM,MinDet,quantiles.robust,0.0
ANOVA,MinDet,quantiles,0.0
ttest,MLE,TIC,0.0
ttest,zero,TIC,0.0
SAM,zero,center.median,0.0
ANOVA,zero,quantiles,0.0
ANOVA,bpca,quantiles,0.0
ANOVA,Impseqrob,quantiles,0.0
ANOVA,Impseq,quantiles,0.0
ANOVA,nbavg,quantiles,0.0
ANOVA,MinProb,quantiles,0.0
ANOVA,QRILC,quantiles,0.0
ANOVA,min,quantiles,0.0
SAM,nbavg,quantiles,0.0
SAM,min,center.mean,0.0
SAM,bpca,center.mean,0.0
SAM,Impseqrob,center.mean,0.0
SAM,Impseq,center.mean,0.0
SAM,missForest,quantiles,0.0
ANOVA,SeqKNN,quantiles,0.0
SAM,Impseqrob,quantiles.robust,0.0
SAM,bpca,quantiles.robust,0.0
ANOVA,MLE,quantiles,0.0
ttest,MLE,vsn,0.0
ANOVA,No_MVI,quantiles,0.0
ANOVA,knn,quantiles,0.0
SAM,missForest,quantiles.robust,0.0
ANOVA,missForest,quantiles,0.0
SAM,MLE,center.mean,0.0
SAM,MLE,quantiles,0.0
SAM,knn,quantiles.robust,0.0
SAM,Impseq,quantiles.robust,0.0
ttest,No_MVI,vsn,0.0
SAM,SeqKNN,center.mean,0.0
SAM,knn,center.mean,0.0
SAM,SeqKNN,quantiles,0.0
SAM,min,quantiles,0.0
SAM,zero,quantiles,0.0
ttest,bpca,vsn,0.0
SAM,knn,quantiles,0.0
SAM,Impseq,quantiles,0.0
DEP,zero,quantiles.robust,0.0
SAM,bpca,quantiles,0.0
ttest,missForest,vsn,0.0
SAM,MinDet,center.mean,0.0
ANOVA,mice,quantiles,0.0
SAM,Impseqrob,quantiles,0.0
SAM,MinDet,quantiles,0.0
ttest,QRILC,vsn,0.0
SAM,zero,center.mean,0.0
ttest,MinProb,vsn,0.0
ANOVA,zero,quantiles.robust,0.0
ttest,MinDet,vsn,0.0
ttest,zero,vsn,0.0
ttest,GMS,vsn,0.0
ttest,Impseq,vsn,0.0
ROTS,nbavg,div.mean,0.0
ANOVA,min,quantiles.robust,0.0
ttest,Impseqrob,vsn,0.0
ROTS,missForest,div.median,0.0
ANOVA,MinDet,quantiles.robust,0.0
ROTS,nbavg,div.median,0.0
ROTS,missForest,div.mean,0.0
ANOVA,Impseq,quantiles.robust,0.0
ANOVA,Impseqrob,quantiles.robust,0.0
ttest,SeqKNN,vsn,0.0
SAM,MLE,vsn,0.0
ANOVA,nbavg,quantiles.robust,0.0
SAM,missForest,vsn,0.0
ANOVA,Impseqrob,center.median,0.0
ANOVA,MinProb,center.median,0.0
ANOVA,MinDet,center.median,0.0
ANOVA,GMS,center.median,0.0
ANOVA,bpca,quantiles.robust,0.0
ANOVA,Impseq,center.median,0.0
ANOVA,zero,center.median,0.0
ROTS,bpca,div.mean,0.0
SAM,MLE,quantiles.robust,0.0
ANOVA,Impseq,TIC,0.0
ANOVA,knn,quantiles.robust,0.0
ANOVA,nbavg,center.median,0.0
ANOVA,SeqKNN,center.median,0.0
ANOVA,bpca,center.median,0.0
ANOVA,Impseqrob,TIC,0.0
ANOVA,bpca,TIC,0.0
ANOVA,min,center.median,0.0
ANOVA,missForest,quantiles.robust,0.0
ANOVA,MLE,center.median,0.0
ANOVA,MinProb,MBQN,0.0
ANOVA,QRILC,center.median,0.0
SAM,QRILC,vsn,0.0
ANOVA,MinDet,MBQN,0.0
ANOVA,QRILC,MBQN,0.0
ANOVA,mice,MBQN,0.0
ANOVA,SeqKNN,MBQN,0.0
SAM,zero,quantiles.robust,0.0
ANOVA,No_MVI,center.median,0.0
ROTS,SeqKNN,div.median,0.0
ROTS,No_MVI,div.mean,0.0
ANOVA,SeqKNN,quantiles.robust,0.0
ANOVA,MLE,MBQN,0.0
ANOVA,missForest,MBQN,0.0
ANOVA,QRILC,quantiles.robust,0.0
ROTS,bpca,div.median,0.0
ANOVA,knn,center.median,0.0
ROTS,Impseq,div.mean,0.0
ROTS,No_MVI,div.median,0.0
ANOVA,missForest,center.median,0.0
SAM,bpca,vsn,0.0
SAM,mice,MBQN,0.0
ANOVA,mice,quantiles.robust,0.0
SAM,MinProb,MBQN,0.0
ANOVA,No_MVI,MBQN,0.0
ANOVA,mice,center.median,0.0
SAM,QRILC,MBQN,0.0
ANOVA,nbavg,TIC,0.0
ANOVA,GMS,TIC,0.0
ANOVA,GMS,MBQN,0.0
ANOVA,SeqKNN,TIC,0.0
SAM,No_MVI,vsn,0.0
SAM,No_MVI,MBQN,0.0
ANOVA,MinProb,quantiles.robust,0.0
ANOVA,nbavg,MBQN,0.0
ANOVA,zero,TIC,0.0
SAM,MinDet,vsn,0.0
SAM,GMS,MBQN,0.0
ANOVA,Impseqrob,MBQN,0.0
ANOVA,min,TIC,0.0
ANOVA,Impseq,MBQN,0.0
ANOVA,MinDet,TIC,0.0
ANOVA,zero,MBQN,0.0
ANOVA,Impseqrob,center.mean,0.0
ANOVA,MLE,TIC,0.0
ANOVA,knn,TIC,0.0
ANOVA,min,MBQN,0.0
ANOVA,bpca,center.mean,0.0
SAM,min,vsn,0.0
ANOVA,MinProb,TIC,0.0
ANOVA,No_MVI,quantiles.robust,0.0
ANOVA,QRILC,TIC,0.0
ANOVA,No_MVI,TIC,0.0
ANOVA,GMS,center.mean,0.0
ANOVA,bpca,MBQN,0.0
ANOVA,MinProb,center.mean,0.0
ANOVA,knn,MBQN,0.0
ANOVA,MinDet,center.mean,0.0
SAM,MinProb,vsn,0.0
SAM,nbavg,vsn,0.0
ANOVA,zero,center.mean,0.0
ANOVA,Impseq,center.mean,0.0
SAM,Impseqrob,MBQN,0.0
SAM,bpca,MBQN,0.0
SAM,MLE,MBQN,0.0
SAM,Impseq,MBQN,0.0
ROTS,Impseqrob,div.mean,0.0
ANOVA,nbavg,center.mean,0.0
SAM,SeqKNN,MBQN,0.0
ANOVA,QRILC,center.mean,0.0
ROTS,GMS,div.mean,0.0
ANOVA,missForest,TIC,0.0
ANOVA,min,center.mean,0.0
SAM,missForest,MBQN,0.0
SAM,knn,MBQN,0.0
ANOVA,SeqKNN,center.mean,0.0
ANOVA,MLE,center.mean,0.0
SAM,MinDet,MBQN,0.0
ANOVA,No_MVI,center.mean,0.0
SAM,mice,vsn,0.0
ROTS,Impseqrob,div.median,0.0
ROTS,SeqKNN,div.mean,0.0
ANOVA,mice,TIC,0.0
SAM,min,MBQN,0.0
ANOVA,missForest,center.mean,0.0
ROTS,mice,div.mean,0.0
SAM,nbavg,MBQN,0.0
ANOVA,knn,center.mean,0.0
ROTS,GMS,div.median,0.0
ROTS,Impseq,div.median,0.0
ANOVA,mice,center.mean,0.0
SAM,Impseq,vsn,0.0
SAM,Impseqrob,vsn,0.0
ROTS,mice,div.median,0.0
SAM,SeqKNN,vsn,0.0
SAM,GMS,vsn,0.0
ANOVA,MLE,quantiles.robust,0.0
SAM,knn,vsn,0.0
SAM,zero,MBQN,0.0
SAM,zero,vsn,0.0
ttest,knn,vsn,0.0
ttest,mice,vsn,0.0
ttest,mice,quantiles.robust,0.0
SAM,missForest,div.mean,0.0
SAM,bpca,div.mean,0.0
DEP,zero,div.median,0.0
SAM,No_MVI,div.mean,0.0
SAM,QRILC,div.mean,0.0
SAM,MinDet,div.mean,0.0
SAM,knn,div.mean,0.0
DEP,zero,div.mean,0.0
SAM,mice,div.mean,0.0
SAM,min,div.mean,0.0
SAM,MinProb,div.mean,0.0
SAM,Impseq,div.mean,0.0
SAM,zero,div.mean,0.0
SAM,GMS,div.mean,0.0
SAM,Impseqrob,div.mean,0.0
SAM,nbavg,div.mean,0.0
SAM,No_MVI,div.median,0.0
SAM,SeqKNN,div.mean,0.0
SAM,MLE,div.mean,0.0
ANOVA,zero,max,0.0
SAM,missForest,div.median,0.0
ttest,missForest,div.median,0.0
ttest,MLE,div.median,0.0
ttest,bpca,div.median,0.0
ttest,No_MVI,div.median,0.0
SAM,nbavg,div.median,0.0
SAM,bpca,div.median,0.0
SAM,knn,div.median,0.0
ttest,knn,div.median,0.0
SAM,mice,div.median,0.0
SAM,MinDet,div.median,0.0
ttest,QRILC,div.median,0.0
ttest,MinDet,div.median,0.0
SAM,QRILC,div.median,0.0
ttest,MinProb,div.median,0.0
SAM,min,div.median,0.0
ttest,min,div.median,0.0
ttest,MLE,div.mean,0.0
ttest,missForest,div.mean,0.0
SAM,GMS,div.median,0.0
ttest,bpca,div.mean,0.0
ttest,zero,div.median,0.0
ttest,nbavg,div.median,0.0
ttest,Impseqrob,div.median,0.0
ttest,Impseq,div.median,0.0
ttest,knn,div.mean,0.0
ttest,No_MVI,div.mean,0.0
ttest,GMS,div.median,0.0
ttest,SeqKNN,div.median,0.0
ttest,No_MVI,quantiles.robust,0.0
SAM,Impseq,div.median,0.0
ttest,mice,div.median,0.0
ANOVA,nbavg,vsn,0.0
ANOVA,zero,vsn,0.0
SAM,Impseqrob,div.median,0.0
SAM,zero,div.median,0.0
ttest,QRILC,div.mean,0.0
SAM,SeqKNN,div.median,0.0
ttest,MinDet,div.mean,0.0
ANOVA,min,vsn,0.0
ttest,MinProb,div.mean,0.0
SAM,MinProb,div.median,0.0
ttest,min,div.mean,0.0
SAM,MLE,div.median,0.0
ttest,Impseq,div.mean,0.0
ttest,zero,div.mean,0.0
ttest,Impseqrob,div.mean,0.0
ttest,nbavg,div.mean,0.0
ttest,SeqKNN,div.mean,0.0
ttest,mice,div.mean,0.0
ANOVA,zero,div.median,0.0
ttest,GMS,div.mean,0.0
ANOVA,zero,div.mean,0.0
ANOVA,missForest,sum,0.0
ANOVA,No_MVI,sum,0.0
ANOVA,No_MVI,max,0.0
ANOVA,QRILC,max,0.0
ANOVA,knn,sum,0.0
ANOVA,bpca,sum,0.0
ANOVA,MinProb,sum,0.0
ANOVA,MinDet,max,0.0
ANOVA,bpca,max,0.0
ANOVA,min,sum,0.0
ANOVA,min,max,0.0
ANOVA,missForest,max,0.0
ANOVA,zero,sum,0.0
ANOVA,nbavg,sum,0.0
ANOVA,MinDet,sum,0.0
ANOVA,nbavg,max,0.0
ANOVA,MinProb,max,0.0
ANOVA,QRILC,sum,0.0
ANOVA,No_MVI,vsn,0.0
ANOVA,missForest,vsn,0.0
ANOVA,mice,max,0.0
ANOVA,Impseq,max,0.0
ANOVA,knn,vsn,0.0
ANOVA,mice,sum,0.0
ANOVA,bpca,vsn,0.0
ANOVA,SeqKNN,sum,0.0
ANOVA,Impseqrob,max,0.0
ANOVA,QRILC,vsn,0.0
ANOVA,MinDet,vsn,0.0
ANOVA,MinProb,vsn,0.0
ANOVA,GMS,sum,0.0
ANOVA,GMS,max,0.0
ANOVA,SeqKNN,max,0.0
ANOVA,missForest,div.median,0.0
ANOVA,Impseq,vsn,0.0
ANOVA,bpca,div.median,0.0
ANOVA,No_MVI,div.median,0.0
ANOVA,knn,div.median,0.0
ANOVA,Impseqrob,vsn,0.0
ANOVA,SeqKNN,vsn,0.0
ANOVA,GMS,vsn,0.0
ANOVA,QRILC,div.median,0.0
ANOVA,min,div.median,0.0
ANOVA,No_MVI,div.mean,0.0
ANOVA,MinDet,div.median,0.0
ANOVA,nbavg,div.median,0.0
ANOVA,missForest,div.mean,0.0
ANOVA,MinProb,div.median,0.0
ANOVA,bpca,div.mean,0.0
ANOVA,knn,max,0.0
ANOVA,QRILC,div.mean,0.0
ANOVA,knn,div.mean,0.0
ANOVA,Impseq,div.median,0.0
ANOVA,MLE,sum,0.0
ANOVA,min,div.mean,0.0
ANOVA,MinDet,div.mean,0.0
ANOVA,mice,div.median,0.0
ANOVA,MLE,max,0.0
ANOVA,nbavg,div.mean,0.0
ANOVA,MinProb,div.mean,0.0
ANOVA,Impseqrob,div.median,0.0
ANOVA,SeqKNN,div.median,0.0
ANOVA,MLE,vsn,0.0
ANOVA,GMS,div.median,0.0
ANOVA,mice,div.mean,0.0
ANOVA,Impseq,div.mean,0.0
proDA,missForest,quantiles.robust,0.0
ANOVA,Impseqrob,div.mean,0.0
ANOVA,mice,vsn,0.0
DEP,GMS,quantiles,0.0
limma,GMS,quantiles,0.0
ANOVA,GMS,div.mean,0.0
proDA,nbavg,quantiles.robust,0.0
proDA,bpca,quantiles.robust,0.0
proDA,Impseq,quantiles.robust,0.0
proDA,No_MVI,quantiles.robust,0.0
ANOVA,SeqKNN,div.mean,0.0
proDA,SeqKNN,quantiles.robust,0.0
proDA,Impseqrob,quantiles.robust,0.0
proDA,MinDet,quantiles.robust,0.0
proDA,MinProb,quantiles.robust,0.0
proDA,QRILC,quantiles.robust,0.0
proDA,min,quantiles.robust,0.0
proDA,zero,quantiles.robust,0.0
proDA,knn,quantiles.robust,0.0
proDA,mice,quantiles.robust,0.0
ROTS,GMS,quantiles,0.0
ttest,GMS,quantiles,0.0
ANOVA,MLE,div.median,0.0
ANOVA,MLE,div.mean,0.0
proDA,Impseq,quantiles,0.0
proDA,bpca,quantiles,0.0
proDA,Impseqrob,quantiles,0.0
ANOVA,GMS,quantiles,0.0
proDA,SeqKNN,quantiles,0.0
proDA,QRILC,quantiles,0.0
proDA,missForest,quantiles,0.0
proDA,zero,quantiles,0.0
proDA,No_MVI,quantiles,0.0
proDA,MinProb,quantiles,0.0
proDA,MLE,quantiles,0.0
proDA,mice,quantiles,0.0
proDA,MinDet,quantiles,0.0
proDA,nbavg,quantiles,0.0
proDA,knn,quantiles,0.0
proDA,min,quantiles,0.0
limma,GMS,quantiles.robust,0.0
DEP,GMS,quantiles.robust,0.0
ROTS,GMS,quantiles.robust,0.0
ttest,GMS,quantiles.robust,0.0
ANOVA,GMS,quantiles.robust,0.0
SAM,GMS,quantiles,0.0
proDA,GMS,quantiles,0.0
proDA,zero,vsn,0.0
proDA,nbavg,vsn,0.0
SAM,GMS,quantiles.robust,0.0
proDA,min,vsn,0.0
proDA,GMS,quantiles.robust,0.0
proDA,MLE,quantiles.robust,0.0
limma,Impseq,sum,0.0
limma,Impseqrob,sum,0.0
ttest,Impseq,sum,0.0
ttest,Impseqrob,sum,0.0
DEP,Impseq,sum,0.0
DEP,Impseqrob,sum,0.0
proDA,missForest,vsn,0.0
proDA,No_MVI,vsn,0.0
proDA,MLE,vsn,0.0
proDA,bpca,vsn,0.0
ANOVA,Impseq,sum,0.0
proDA,QRILC,vsn,0.0
ANOVA,Impseqrob,sum,0.0
proDA,MinProb,vsn,0.0
proDA,Impseq,vsn,0.0
proDA,MinDet,vsn,0.0
proDA,GMS,vsn,0.0
proDA,knn,vsn,0.0
proDA,Impseqrob,vsn,0.0
proDA,SeqKNN,vsn,0.0
proDA,mice,vsn,0.0
proDA,MLE,sum,0.0
SAM,Impseq,sum,0.0
proDA,missForest,max,0.0
SAM,Impseqrob,sum,0.0
proDA,knn,max,0.0
proDA,MLE,max,0.0
proDA,QRILC,max,0.0
proDA,bpca,max,0.0
proDA,MinDet,max,0.0
proDA,No_MVI,max,0.0
proDA,MinProb,max,0.0
proDA,GMS,sum,0.0
proDA,nbavg,max,0.0
proDA,GMS,max,0.0
ROTS,Impseq,sum,0.0
proDA,min,max,0.0
proDA,mice,max,0.0
ROTS,Impseqrob,sum,0.0
proDA,Impseq,max,0.0
proDA,zero,max,0.0
proDA,Impseqrob,max,0.0
proDA,SeqKNN,max,0.0
proDA,missForest,sum,0.0
proDA,No_MVI,sum,0.0
proDA,bpca,sum,0.0
proDA,knn,sum,0.0
proDA,QRILC,sum,0.0
proDA,MinDet,sum,0.0
proDA,MinProb,sum,0.0
proDA,min,sum,0.0
proDA,zero,sum,0.0
proDA,nbavg,sum,0.0
proDA,mice,sum,0.0
proDA,Impseq,sum,0.0
proDA,Impseqrob,sum,0.0
proDA,SeqKNN,sum,0.0
